DROP DATABASE IF EXISTS library_1;
CREATE DATABASE library_1;
USE library_1;

DROP TABLE IF EXISTS authors;
CREATE TABLE authors (
	id SERIAL PRIMARY KEY, 
    firstname VARCHAR(100),
    lastname VARCHAR(100),
   	INDEX authors_firstname_lastname_idx(firstname, lastname)
) COMMENT 'авторы';

INSERT INTO authors VALUES 
('9','Amos','Williamson'),
('1','Ana','Schuster'),
('17','Antone','Glover'),
('28','Audrey','Wiegand'),
('15','Billy','Upton'),
('20','Brisa','Greenholt'),
('14','Danyka','Berge'),
('2','Daphnee','Stracke'),
('5','Dariana','Johns'),
('12','Darrel','Collins'),
('3','Eloy','Wilderman'),
('29','Gillian','Schaden'),
('10','Hillary','Zemlak'),
('11','Jamar','Runolfsson'),
('21','Kamryn','Cartwright'),
('18','Lacey','Kuvalis'),
('6','Lonie','Schoen'),
('8','Lorine','Wunsch'),
('19','Martin','Weber'),
('22','Marvin','Turner'),
('25','Maximillia','Ryan'),
('7','Melyna','Swaniawski'),
('4','Merlin','Adams'),
('13','Oda','Stehr'),
('24','Ralph','Schumm'),
('27','Rashad','Kozey'),
('16','Samanta','Stokes'),
('26','Santos','Predovic'),
('23','Thora','Weimann'),
('30','Zoila','Shanahan'); 

DROP TABLE IF EXISTS media;
CREATE TABLE media ( 
	id SERIAL PRIMARY KEY,
    filename VARCHAR(255),
    body text,
    size INT,
    metadata JSON
) COMMENT 'фотографии читателей и авторов';

INSERT INTO media VALUES 
('1','quibusdam','Eaque accusantium animi in nulla qui quia. Est dolor enim ea numquam molestiae. Fugit qui deserunt fuga.','5',NULL),
('2','natus','Sint vitae sapiente voluptas aliquid. Rem quae quos velit totam.','901',NULL),
('3','omnis','Illum est quo repudiandae ad quia. Aut molestiae fuga et temporibus recusandae. Dolorum asperiores soluta cumque exercitationem amet.','134459',NULL),
('4','sed','Aut est in accusamus. Accusamus eos eligendi temporibus ducimus officiis blanditiis. Et occaecati dolores est totam. Sunt aut nostrum dolor numquam autem aliquid.','14499008',NULL),
('5','quisquam','Et enim velit perspiciatis eos corporis dolores. Recusandae dolores aut vitae voluptatem architecto provident. Natus delectus ut dolores asperiores neque. Eum iusto nam ea.','0',NULL),
('6','praesentium','Unde totam ut est natus rerum voluptatibus odit. Aut incidunt nihil voluptas ratione. Blanditiis voluptatem voluptates nihil enim quis.','651547606',NULL),
('7','officia','Velit rerum sint excepturi recusandae nesciunt voluptas quo. Voluptas fugit accusamus optio minus aut sed in. Officiis nemo ipsam possimus ut.','7',NULL),
('8','laudantium','Et quae et officiis ut vel nihil iure. Est praesentium incidunt totam est est deserunt quisquam quia. Architecto aliquam consequatur sit ut.','0',NULL),
('9','occaecati','Cumque assumenda doloribus nesciunt ad quo maiores. Adipisci quisquam aut necessitatibus a eos. Et velit quia est eligendi odit voluptate.','44848572',NULL),
('10','quo','Autem qui quae accusamus adipisci eius vel. Et fugit repellat est autem vitae nemo voluptatem. Dolorum itaque mollitia neque.','22496468',NULL),
('11','deleniti','Nulla iusto quos et dolores rerum. Modi autem nihil adipisci blanditiis dolorum et est animi.','70648748',NULL),
('12','laborum','Sed cum reiciendis tenetur rerum. Quisquam ut voluptatum beatae repellat odio in voluptate. Eos soluta reprehenderit voluptates minus repudiandae excepturi voluptas. Consequuntur et doloremque expedita facilis et quam.','359679182',NULL),
('13','optio','Ipsa beatae quos assumenda rerum enim rem reprehenderit nostrum. Eos mollitia cupiditate et totam quia ipsum similique quod. Vero beatae iusto et est assumenda. Nam reprehenderit est incidunt perspiciatis ea quos.','4593365',NULL),
('14','quae','Voluptatibus occaecati laboriosam quasi illum eum ea sunt. Architecto aperiam doloribus eveniet nostrum. Aliquam sunt fugiat corporis nisi. Et dolorum culpa ducimus molestias minus dolorum hic.','0',NULL),
('15','repellendus','Et dicta consectetur et non non quia dicta. Aut quae aperiam debitis nesciunt officia soluta quae. Fuga nobis error omnis omnis repudiandae molestiae omnis.','0',NULL),
('16','id','Voluptatibus ea qui inventore quo accusantium magnam sapiente. Iste corrupti suscipit repellat dolore eum qui sint. Omnis rerum facere non facilis quasi. Nihil eos laboriosam eius sit modi.','0',NULL),
('17','sint','Voluptatem ut molestias officia explicabo dicta sunt voluptatum. Magnam natus dolorem saepe qui qui quaerat. Laboriosam repellat minima quisquam sunt aliquam enim accusamus quia.','91',NULL),
('18','maiores','Ea cumque sit possimus distinctio et non. Voluptatibus sit et aperiam tempore quos tempora. Reiciendis ipsum labore beatae.','4629823',NULL),
('19','nisi','Autem nulla perspiciatis eius corrupti tempore. Error voluptas vel soluta commodi nihil. Et nam incidunt rerum ea cumque unde odit velit.','0',NULL),
('20','id','Voluptatum corporis recusandae minima consectetur quasi autem id. Voluptatem a facere et quod autem. Dolores adipisci ipsa sit consectetur omnis unde aut in. Commodi vero quasi veritatis qui qui.','9',NULL),
('21','qui','Voluptatem architecto dicta corrupti blanditiis dolore deserunt deserunt. Et quidem consequatur voluptas repellendus dolor enim. Omnis rerum cupiditate repudiandae qui quia accusamus molestiae cum.','70307199',NULL),
('22','dignissimos','Repellat quaerat maiores officiis quod. Non sed dolore alias id inventore esse quas. Dicta quam voluptatem et culpa numquam quia laboriosam. Enim nesciunt rerum sint recusandae qui sint.','28367',NULL),
('23','ut','Alias qui non necessitatibus laborum nostrum culpa aut. Consequatur eos et quis aliquid. Eaque enim et facere sint eos inventore.','12',NULL),
('24','esse','Qui quisquam rem sit blanditiis. Nisi totam est repudiandae eos. Enim voluptate nam quia est aperiam sed.','6044',NULL),
('25','voluptas','Excepturi possimus rerum harum modi magnam aliquam. Deleniti voluptates culpa cum repellat rem quae.','549',NULL),
('26','dolores','Quo a sequi veniam temporibus fugiat consequuntur. Aliquam consequatur quia sit adipisci dolor. Aperiam nihil ad unde aliquam. Excepturi blanditiis itaque fuga sed. Rerum voluptatibus inventore impedit.','15635847',NULL),
('27','qui','Corporis autem quia eligendi nisi. Architecto sint eveniet dolorem assumenda. Omnis modi praesentium et blanditiis ad.','905793445',NULL),
('28','ad','Omnis aut tenetur placeat rem aut quam. Sequi et voluptatem quod rerum culpa. Harum blanditiis eligendi sunt dolores atque. Error sit et facere adipisci qui modi omnis et. Quia molestiae animi nisi nobis.','78149245',NULL),
('29','aliquid','Animi harum qui in sit tempore quam minus. Quos tempore officiis et asperiores temporibus. Earum ut voluptas sequi eum ab commodi est. Quasi tenetur doloremque fugit harum ad.','367',NULL),
('30','est','Sed ipsum adipisci distinctio quasi. Rerum et pariatur quia velit culpa. Laudantium ut asperiores consequuntur quisquam itaque.','0',NULL),
('31','natus','Fugit esse sit consectetur et dolorem. Nemo mollitia quaerat ea qui possimus veritatis aperiam. Ex laboriosam aspernatur mollitia deserunt.','611563',NULL),
('32','neque','Deserunt reiciendis reprehenderit ducimus ut. Iure accusantium fugiat ullam eum. Dolorem in reprehenderit illo saepe enim dolor. Labore vero sunt modi minima sed est voluptatem.','1',NULL),
('33','distinctio','Omnis repellendus architecto dolorum dolore. Modi molestiae consequuntur voluptas at. Amet quisquam minima quas pariatur.','913249',NULL),
('34','eius','Minus expedita vel sed corporis sapiente voluptatem at. Et ea nisi voluptatem unde ut soluta qui. Doloribus temporibus odit et doloremque et ut atque. Unde velit officia ab occaecati sed.','0',NULL),
('35','sed','Est suscipit ex numquam voluptatum. Accusantium laborum et laborum eaque reiciendis voluptatem neque. Temporibus consectetur consequuntur nobis velit quibusdam. Ut quo laudantium sapiente vero id.','85964',NULL),
('36','ut','Repellat praesentium ut sed itaque. Quod harum at sunt voluptatem culpa. Ad laboriosam aut ut ut consequatur et. Fugiat ratione fugiat ut rerum accusantium nesciunt.','12117',NULL),
('37','nemo','Neque cum natus nemo sit iusto. Quas aut omnis inventore ipsam soluta qui fugiat id. Assumenda voluptate praesentium et cumque alias. Facere eveniet ipsa eos voluptatem dolore ullam. Eum quae accusamus fugiat tenetur est sunt vel.','968797548',NULL),
('38','voluptatem','Ducimus incidunt voluptatibus nihil ipsum consequuntur. Eos qui minus in. Consectetur qui dolor officia aut cumque.','522202036',NULL),
('39','ut','Numquam occaecati ab doloremque consectetur. Ab ab voluptas quasi qui aut aut. Libero voluptatem qui qui aliquam accusantium et excepturi. Rerum in hic quia.','1',NULL),
('40','id','Velit quasi culpa et nemo recusandae. Sed autem nostrum ipsum aliquid vel blanditiis voluptatem. Ea vel nihil autem enim dolorem illo.','683737',NULL),
('41','id','Minus repellendus et quo voluptatibus sapiente accusamus. Reprehenderit odio nobis error deleniti quia aut voluptatem. Et molestias eveniet omnis iste. Qui illum cumque aut facere beatae. Nisi in est voluptatum et ut accusamus aliquid.','8537770',NULL),
('42','nulla','Ducimus repellat dolores fugit repudiandae dicta nesciunt. Rerum cupiditate numquam aut. A et consequatur in illo.','57495066',NULL),
('43','beatae','Iusto ab sit aut similique. Et dignissimos optio voluptatem dolorem. Itaque voluptates animi corporis dolores et. Et rerum et libero ipsam error.','291177',NULL),
('44','consequatur','Sit animi dicta similique vel. Molestias qui omnis dolore. Non repudiandae ab illum nihil ducimus.','24',NULL),
('45','quia','Est ut rerum quae eum iure qui. Libero et voluptatibus necessitatibus ea repellat sit. Facere ex similique consequuntur magni necessitatibus tempore.','48698',NULL),
('46','modi','Eaque ut autem eius ad modi rerum. Et error quis soluta eos et impedit a. Magni quod maxime vitae dolore molestiae sequi est. Omnis autem quo quo minima qui vitae. Tempora magnam sed eum mollitia velit.','550412',NULL),
('47','inventore','Perspiciatis et sed ea. Eum illo quod blanditiis ab iste. Voluptas vel cumque natus dicta nesciunt ut.','4',NULL),
('48','ut','Dignissimos qui praesentium qui nemo asperiores dolor qui. Beatae quasi commodi et est vero aperiam est. Cupiditate non eius non placeat alias pariatur consequatur. Maxime nihil asperiores iure quam.','9',NULL),
('49','odit','Iusto tempore dolores rerum doloribus ipsum animi. Numquam aliquid nihil pariatur optio dicta. Id itaque eaque et sed consequuntur dolorem molestiae ut.','28',NULL),
('50','dolores','Quasi quia doloribus aut pariatur vel alias eius ut. Dicta dicta ut incidunt ipsam aut sit sint. Fugit dolor vitae perferendis eveniet eum placeat. Est sit quia et ex voluptates. Provident libero et quam eos est odit.','0',NULL),
('51','omnis','Perferendis molestiae pariatur velit ex quam. Consectetur voluptatum dolores qui minima enim non odit. Soluta aliquid asperiores ipsa corrupti itaque dolore. Maxime ad autem qui suscipit dolores dolorem sequi. Id facilis et optio id sunt et.','9856',NULL),
('52','dicta','Quia quasi fuga dolores quis minima placeat accusantium consequuntur. Dolore illum eligendi mollitia nemo. Aut et alias qui sint repudiandae nam.','119996340',NULL),
('53','quis','Dolor provident mollitia minima ea quae amet. Quas ipsum et beatae voluptatibus commodi voluptatem. Commodi sed dicta ipsum et modi. Laboriosam nisi quaerat placeat officia odit rerum nam.','2577',NULL),
('54','et','Eius sed perspiciatis fugiat dolorem architecto. Laborum fuga fugiat et facilis. Quis expedita explicabo voluptas ut dolorem. Sed et sed dolorem eligendi animi unde.','339799522',NULL),
('55','sapiente','Dolore eum dolor in voluptas excepturi voluptas repudiandae. Optio consequatur sapiente quia modi sequi. Quis est officia ipsam dolores est quia. Vel dicta quia deleniti distinctio tempore omnis.','0',NULL),
('56','porro','Quaerat quas nam quia. Cupiditate nisi impedit voluptatem. Fuga consectetur saepe fugiat qui aut.','76598262',NULL),
('57','magni','Beatae quibusdam ut inventore doloremque. Libero atque rerum neque reprehenderit ut libero iste. Molestiae cum provident sapiente numquam.','2892',NULL),
('58','molestias','Optio porro distinctio corrupti saepe iure. Saepe aperiam est doloremque et. Consectetur consequuntur illum nam et ut. Odio officia rem et est earum qui. Omnis animi vel ea aperiam fugit.','0',NULL),
('59','exercitationem','Eligendi possimus beatae non voluptatem magnam. Tenetur ab excepturi autem est consequuntur nihil excepturi. Qui velit rerum dolorem quisquam.','46',NULL),
('60','optio','Minima dicta tenetur nisi eos rerum. Hic eligendi suscipit aut dolor ad est facere. Ut rerum quia illo veniam. Consequuntur optio veritatis veniam excepturi.','29353',NULL),
('61','enim','Velit omnis nostrum aut. Voluptatem explicabo odio tempore ut voluptas et autem eos. Eos ipsam animi est autem optio.','4',NULL),
('62','possimus','Veritatis possimus eum veritatis rerum deleniti veritatis. Distinctio nisi est iure consequatur et in quas. Ex et libero assumenda quis. Quos quia ea et.','15',NULL),
('63','error','Voluptatem distinctio quae magnam expedita cum repudiandae. Ut aspernatur eius aut enim architecto.','1532',NULL),
('64','voluptas','Perspiciatis natus aut et. Sunt amet optio enim sint voluptatem ut accusantium. Cum sed sed rerum sequi et qui. Ut sit dolorem nesciunt molestiae excepturi est.','7',NULL),
('65','ipsam','Laborum eaque aut nihil aut. Dolorem qui ut ut eveniet. Error voluptatum harum voluptas sint in blanditiis enim.','0',NULL),
('66','earum','Est consectetur rerum eos aut. In quas architecto et illo porro rem ad debitis. Neque tempora sit harum repellendus.','3833',NULL),
('67','vel','Rerum at alias aliquam doloribus. Adipisci excepturi quos aspernatur quisquam laborum ea. Et nam numquam expedita cum nostrum et. Harum sed tenetur nulla sapiente quia libero ducimus.','5288',NULL),
('68','exercitationem','Officiis sit placeat animi consequatur. Omnis magni sint et ut. Possimus totam qui asperiores dolor qui.','776932689',NULL),
('69','velit','Omnis saepe numquam qui et. Rerum error asperiores quam provident totam animi eligendi. Maxime laborum consequuntur dolorem repudiandae hic accusamus consequatur qui. Voluptatem rerum sed enim ullam autem.','6231',NULL),
('70','sed','Nisi consectetur ut ut incidunt voluptatem iusto. Aut est quod tempore quia fugiat quae excepturi aspernatur. Incidunt eaque atque quos laudantium.','30333964',NULL),
('71','est','Esse architecto non ducimus tempore. Molestiae autem doloribus consectetur quidem rerum optio sint exercitationem. Ut illum rerum quia voluptatem qui nostrum aut. Fugit voluptatibus tempore adipisci earum dolorem.','17013',NULL),
('72','voluptatem','Impedit provident ut quo dicta. Optio sunt dolores et quos voluptas ratione. Ut facere impedit rerum libero voluptatum nisi. Quae illo doloremque aut ipsa provident perspiciatis iusto.','64',NULL),
('73','autem','Molestiae et numquam assumenda quis. Laboriosam non eum nisi soluta qui minima. Iure sit vero est inventore pariatur animi doloribus. Sed in autem ut sint.','376770031',NULL),
('74','quibusdam','Et neque et perspiciatis et nemo quia quo nam. Corrupti quis aperiam nemo laboriosam numquam qui modi. Est aut fugit in. Consequatur ea quibusdam ea voluptatem in eos.','0',NULL),
('75','fugiat','Eaque esse placeat praesentium. Eaque eum ducimus placeat laudantium temporibus. Ea sequi fugiat similique ex maiores quaerat. Tenetur magnam quos et et dolor.','431',NULL),
('76','est','Voluptatem minima consequatur aspernatur id omnis sed. Eveniet ut dolorem non accusantium. Quia adipisci ut illo aperiam voluptas suscipit nam et. Minus facilis nulla fuga qui sed. Sit id molestias ab possimus perspiciatis ea quam rerum.','666',NULL),
('77','debitis','Et omnis et ut omnis deleniti eveniet. Eius et doloribus eum esse vel qui. Magnam quisquam quod omnis porro at qui ab.','886',NULL),
('78','cupiditate','Consectetur unde in qui. Vero et sit eligendi et non maiores aspernatur.','732',NULL),
('79','similique','Ipsum quaerat ex tenetur repellendus. Sint aperiam ea nam qui laborum veniam. Et tempora voluptatem quis tempora rerum quia. Repellat doloremque repellat dignissimos suscipit velit quos.','5',NULL),
('80','vero','Maxime sunt totam iste ipsum. At et et ducimus odio sed. Voluptatem sed magnam delectus veritatis nobis. Praesentium eaque laborum est sapiente veniam recusandae et. Et animi eaque placeat.','4755865',NULL),
('81','et','Quis molestias neque eveniet aut architecto. Ab accusantium ut et fugiat nisi debitis non. Dolorem aut amet provident corporis. Consequatur sit est velit corrupti.','5579296',NULL),
('82','ab','Officiis aut quis ut fuga. In ad error ut rerum vel. Voluptatum ut veniam quam cumque est.','5',NULL),
('83','rerum','Quia aut ducimus similique aspernatur natus qui dicta. Amet aut quisquam qui necessitatibus odio animi ab officiis. Dignissimos dolorum qui quia tempore et. Doloribus fuga qui quam et sint non.','71',NULL),
('84','omnis','Omnis magni enim illo expedita quia. Saepe ex sed et dolor ut totam rem. Consequatur provident culpa nesciunt nihil voluptatum. Iste ratione numquam dolor. Molestias et reprehenderit eius nemo.','307',NULL),
('85','minus','Sed earum animi natus minima dolores. Dolor fugit ut tenetur deserunt sunt. Voluptas aut itaque fugit voluptatem possimus reprehenderit a.','20',NULL),
('86','hic','Aliquid et eveniet et odio nemo omnis. Ducimus facere voluptatem corrupti sit rerum itaque. Sint natus soluta minima consequatur. Tempore voluptate aut placeat ex possimus repudiandae.','4',NULL),
('87','a','Corporis voluptas expedita id. Occaecati omnis error expedita sequi ab veritatis sit. Necessitatibus nam in maxime recusandae et dolores veritatis. Exercitationem at facilis ad delectus et eum odit illum. Dolores blanditiis soluta odit et vitae.','50',NULL),
('88','expedita','Dolor ipsam esse corporis voluptas eos. Perspiciatis vero ipsum aut. Illum deleniti aperiam qui non nihil.','416455183',NULL),
('89','ut','Beatae voluptatem et qui. Saepe in tempora vitae aperiam. Facere nostrum voluptate ipsa est.','198327305',NULL),
('90','nesciunt','Ut eligendi excepturi repudiandae ut delectus commodi at itaque. Eaque harum sed dolores incidunt molestiae et perspiciatis. Quod deserunt esse provident deserunt. Magni enim inventore quia dignissimos consequuntur.','274',NULL),
('91','et','Qui enim sed quo voluptatum. Mollitia doloremque sed hic ut et nihil non ut. Asperiores et magnam nisi. Impedit impedit ipsum consequatur quisquam explicabo voluptatibus voluptatum.','41441',NULL),
('92','quae','Voluptas voluptate soluta temporibus quo eaque nostrum. Qui odit sit itaque est. Qui porro recusandae ipsum. Ut nam laboriosam soluta nam dolores sequi commodi. Natus sed sit magnam modi dolor dolor non voluptatum.','757596',NULL),
('93','labore','Fugiat est aspernatur incidunt reiciendis. Harum beatae sed labore velit magni velit provident magni. Quae hic aut voluptate qui aut sit. Et eum dignissimos et quo ea ut. Porro et impedit blanditiis veniam sit accusamus reprehenderit.','42',NULL),
('94','minima','Sequi corporis commodi quis aut qui explicabo. Ullam qui optio doloremque aut est. Quam est aliquam quibusdam.','70585622',NULL),
('95','ducimus','Rerum totam dicta doloribus nemo quisquam consectetur. Quibusdam voluptatem vitae veritatis rerum enim nobis. Quia et magni repudiandae officiis. Sit quia vel praesentium dolorum autem placeat officia.','15810',NULL),
('96','facilis','Quia mollitia error dicta illo in recusandae et. Voluptatibus expedita doloribus voluptas qui dolores rerum. Ducimus asperiores et excepturi tenetur delectus dolor occaecati. Optio officia et quis voluptas similique eligendi. Harum et est laudantium quae voluptas molestiae sed voluptas.','13',NULL),
('97','voluptas','Assumenda pariatur quasi rerum placeat. Modi id laudantium nisi. Inventore dolor laudantium quia doloribus fuga est. Eaque dicta est voluptatem praesentium voluptas.','49656447',NULL),
('98','qui','Et aut blanditiis maxime autem vel. Cupiditate pariatur voluptas fugiat molestias. Mollitia molestiae quos eligendi cupiditate ut provident. Et eum maiores ut ullam accusantium.','29025',NULL),
('99','in','Quidem et et maiores omnis cumque inventore ab. Commodi voluptatem iusto autem accusantium quia mollitia nisi. Facilis eaque dolore qui sunt accusantium architecto.','0',NULL),
('100','consequatur','Non harum autem voluptatem optio. Fugiat et iure velit eum eos asperiores veritatis magni. Fugit delectus nemo nihil eos ut aut fugit. Consequatur velit quo fuga unde quia consequatur optio.','83461',NULL); 

DROP TABLE IF EXISTS profiles_authors;
CREATE TABLE profiles_authors (
	author_id BIGINT UNSIGNED NOT NULL PRIMARY KEY,
    gender CHAR(1),
    birthday DATE,
	photo_id BIGINT UNSIGNED NULL,
    hometown VARCHAR(100),
    
    FOREIGN KEY (author_id) REFERENCES authors(id) ON UPDATE CASCADE ON DELETE restrict,
    FOREIGN KEY (photo_id) REFERENCES media(id) ON UPDATE CASCADE ON DELETE restrict
) COMMENT 'общая информация о авторе';

INSERT INTO profiles_authors VALUES 
('1','f','1976-07-12','1','Trinidad and Tobago'),
('2','m','2005-10-18','2','Cook Islands'),
('3','m','1980-06-21','3','Niue'),
('4','m','1998-12-04','4','Turks and Caicos Islands'),
('5','f','2005-08-30','5','Cambodia'),
('6','f','2012-02-28','6','Lesotho'),
('7','f','2011-10-14','7','Andorra'),
('8','f','1978-11-19','8','Niger'),
('9','m','2012-01-02','9','Dominica'),
('10','m','1988-03-23','10','Saint Pierre and Miquelon'),
('11','m','1997-03-26','11','Jordan'),
('12','m','1991-01-30','12','Angola'),
('13','m','1999-11-19','13','Afghanistan'),
('14','f','2018-12-28','14','Jordan'),
('15','m','2012-05-28','15','Poland'),
('16','f','1977-04-01','16','Belize'),
('17','m','1977-03-20','17','Greece'),
('18','m','2011-09-28','18','United States of America'),
('19','f','1995-11-29','19','Poland'),
('20','m','1995-09-06','20','Uganda'),
('21','m','1984-11-12','21','Ethiopia'),
('22','m','2004-11-24','22','Canada'),
('23','f','2005-04-26','23','United Kingdom'),
('24','m','2006-11-16','24','British Indian Ocean Territory (Chagos Archipelago)'),
('25','m','2010-02-06','25','Sierra Leone'),
('26','f','1970-03-16','26','Niue'),
('27','m','2007-03-21','27','Thailand'),
('28','m','1970-06-10','28','Guyana'),
('29','f','2014-02-13','29','Burundi'),
('30','m','2003-09-11','30','Timor-Leste'); 

DROP TABLE IF EXISTS genres;
CREATE TABLE genres (
	id SERIAL PRIMARY KEY,
	name VARCHAR(100)
) COMMENT 'жанры';

INSERT INTO genres VALUES 
('1','nobis'),
('2','totam'),
('3','voluptas'),
('4','quia'),
('5','dignissimos'),
('6','sapiente'),
('7','sint'),
('8','voluptatum'),
('9','quia'),
('10','voluptatem');

DROP TABLE IF EXISTS publishing_office;
CREATE TABLE publishing_office (
	id SERIAL PRIMARY KEY,
	name VARCHAR(100),
	country VARCHAR(100)
) COMMENT 'издательство';

INSERT INTO publishing_office VALUES 
('1','nihil','Korea'),
('2','odit','Lebanon'),
('3','quod','Saint Helena'),
('4','non','Ecuador'),
('5','veniam','Nicaragua'),
('6','et','Tuvalu'),
('7','incidunt','Mauritius'),
('8','nemo','Philippines'),
('9','aperiam','Saint Kitts and Nevis'),
('10','quaerat','Martinique');

DROP TABLE IF EXISTS year_edition;
CREATE TABLE year_edition (
	id SERIAL PRIMARY KEY,
	year_edition SMALLINT UNSIGNED NOT NULL
) COMMENT 'год издания';

INSERT INTO year_edition VALUES 
('1','1999'),
('2','2000'),
('3','1983'),
('4','2020'),
('5','1981'),
('6','1972'),
('7','1994'),
('8','2007'),
('9','2008'),
('10','2007'),
('11','1988'),
('12','2001'),
('13','1973'),
('14','1998'),
('15','2013'),
('16','2002'),
('17','2019'),
('18','1985'),
('19','2019'),
('20','1981'),
('21','1991'),
('22','2020'),
('23','1988'),
('24','1985'),
('25','2017'),
('26','1972'),
('27','1993'),
('28','2007'),
('29','2011'),
('30','2009'),
('31','2007'),
('32','1990'),
('33','2013'),
('34','1992'),
('35','1997'),
('36','1986'),
('37','1978'),
('38','2003'),
('39','1979'),
('40','1979'),
('41','2018'),
('42','2009'),
('43','2018'),
('44','2016'),
('45','1997'),
('46','2001'),
('47','1997'),
('48','1975'),
('49','2008'),
('50','2009');

DROP TABLE IF EXISTS readers;
CREATE TABLE readers ( 
	id SERIAL PRIMARY KEY,
	nickname VARCHAR(100),
	status ENUM ('active', 'inactive') NOT NULL,
	start_subscription DATE NULL,
    finish_subscription DATE NULL
) COMMENT 'читатели(подписчики)';

INSERT INTO readers VALUES 
('1','voluptatem','inactive','1985-08-25','1974-07-23'),
('2','iure','active','2005-01-21','2017-05-12'),
('3','cupiditate','inactive','1988-07-23','1985-01-27'),
('4','possimus','active','2014-11-08','1989-01-01'),
('5','ipsum','active','1989-08-08','1977-05-18'),
('6','dolor','inactive','2004-12-26','1977-11-10'),
('7','ducimus','active','1998-10-29','2006-08-10'),
('8','omnis','active','2010-05-27','1977-11-06'),
('9','placeat','inactive','2013-04-23','2017-12-08'),
('10','sunt','active','2009-06-13','2019-03-17'),
('11','reiciendis','active','1997-04-20','2014-02-22'),
('12','architecto','active','1997-07-28','1997-10-03'),
('13','architecto','active','1974-11-25','1997-07-31'),
('14','molestiae','active','1982-01-14','1990-02-24'),
('15','optio','inactive','2003-03-06','1973-01-23'),
('16','ipsa','active','1991-02-01','1991-08-23'),
('17','quae','active','1982-01-08','1993-10-25'),
('18','pariatur','active','2018-07-02','1995-07-26'),
('19','fugit','inactive','1974-10-24','1973-05-04'),
('20','repudiandae','active','1970-07-05','2011-05-05'),
('21','sapiente','inactive','1986-09-02','1990-05-27'),
('22','et','active','1987-11-04','2017-11-18'),
('23','cupiditate','active','1990-08-14','2012-05-21'),
('24','dolorem','inactive','2003-04-30','1997-05-10'),
('25','ex','active','2000-08-19','1996-12-20'),
('26','sint','inactive','1970-09-22','2014-07-14'),
('27','id','active','2004-07-16','1970-08-20'),
('28','non','inactive','2004-11-25','1971-09-09'),
('29','tempore','inactive','2009-03-05','1984-07-12'),
('30','id','active','1971-07-16','1972-02-17'),
('31','et','inactive','1995-10-14','1987-08-03'),
('32','pariatur','inactive','1971-04-22','1977-01-25'),
('33','voluptas','inactive','1971-03-10','2015-06-16'),
('34','molestiae','inactive','1999-01-01','2001-06-20'),
('35','alias','active','1992-12-23','2019-11-18'),
('36','quidem','active','1970-01-05','1981-12-06'),
('37','nisi','inactive','2011-08-08','1979-06-07'),
('38','incidunt','active','2001-03-16','1997-01-23'),
('39','ut','inactive','1985-08-13','1973-11-02'),
('40','iusto','active','2005-01-23','2012-07-24'),
('41','provident','active','1970-04-09','1994-09-23'),
('42','ea','inactive','1975-06-11','1989-04-24'),
('43','molestias','active','1980-12-16','1979-11-11'),
('44','corporis','active','2003-10-29','2012-06-22'),
('45','et','inactive','1989-09-29','2008-01-27'),
('46','et','inactive','2000-10-10','1975-06-22'),
('47','ipsum','inactive','2018-05-11','1988-07-20'),
('48','enim','inactive','1978-06-29','1979-03-26'),
('49','maiores','active','1970-06-14','1996-07-01'),
('50','et','active','1999-03-31','1991-07-22'),
('51','similique','active','2020-02-23','1976-02-03'),
('52','ducimus','inactive','1994-08-05','2002-12-10'),
('53','repellat','active','2014-01-09','1982-01-31'),
('54','suscipit','inactive','1975-04-26','2016-12-06'),
('55','sit','inactive','1998-01-02','2002-01-12'),
('56','voluptas','inactive','1998-11-29','2011-08-04'),
('57','commodi','inactive','1991-06-19','2005-04-16'),
('58','molestiae','active','1970-01-04','1971-06-28'),
('59','officia','inactive','2015-07-03','1988-02-10'),
('60','quibusdam','active','2007-06-17','2006-05-18'),
('61','autem','active','1989-04-18','1993-07-21'),
('62','non','active','1991-03-13','2013-04-12'),
('63','repudiandae','active','1974-08-27','1999-11-26'),
('64','ut','inactive','2014-03-06','1975-08-02'),
('65','ut','active','1996-06-03','2006-07-30'),
('66','iusto','active','2015-09-21','1979-09-18'),
('67','velit','active','2000-04-12','2010-08-09'),
('68','ex','inactive','2014-06-05','2008-05-03'),
('69','et','active','2002-07-06','1994-05-16'),
('70','expedita','active','1975-06-23','1980-10-29'),
('71','repellat','active','1985-11-20','1983-01-21'),
('72','impedit','inactive','2009-07-04','1970-02-28'),
('73','nisi','active','1987-09-19','2010-05-05'),
('74','iusto','inactive','2000-04-28','2006-01-25'),
('75','voluptatum','active','1986-10-08','1980-03-05'),
('76','inventore','active','1998-01-24','2007-05-07'),
('77','iusto','active','1989-08-27','1998-05-21'),
('78','voluptatibus','inactive','2013-06-05','1989-08-03'),
('79','debitis','inactive','2018-04-09','1989-11-26'),
('80','quia','active','2018-06-12','2003-10-18'),
('81','voluptatibus','inactive','2016-07-15','2013-05-13'),
('82','nihil','inactive','2011-01-20','1997-08-24'),
('83','velit','active','2006-07-04','2017-03-09'),
('84','consequatur','active','1992-10-31','1982-02-28'),
('85','rerum','active','1992-06-07','1992-09-28'),
('86','saepe','active','1983-10-18','1974-10-27'),
('87','nihil','active','1975-06-18','1973-10-31'),
('88','dolorem','inactive','1974-03-29','2013-10-10'),
('89','quidem','active','1982-07-07','1997-08-25'),
('90','molestias','inactive','1999-03-17','2005-07-03'),
('91','voluptatibus','inactive','1995-07-26','2002-06-12'),
('92','labore','inactive','2001-11-08','1984-09-19'),
('93','numquam','inactive','2016-04-23','2001-10-07'),
('94','rerum','inactive','2011-03-13','2018-10-21'),
('95','aut','active','1971-06-15','2012-09-17'),
('96','laboriosam','inactive','1996-03-14','1997-02-02'),
('97','optio','inactive','2004-05-28','2000-07-11'),
('98','ut','active','1984-11-14','1997-02-17'),
('99','assumenda','inactive','2013-03-16','1984-12-07'),
('100','est','inactive','2016-11-21','2016-04-05'); 

DROP TABLE IF EXISTS repository;
CREATE TABLE repository ( 
	id SERIAL PRIMARY KEY,
	total BIGINT UNSIGNED NOT NULL   
) COMMENT 'колличество книг в библиотеке';

INSERT INTO repository VALUES 
('1','1'),
('2','8'),
('3','3'),
('4','4'),
('5','7'),
('6','6'),
('7','8'),
('8','2'),
('9','6'),
('10','2'),
('11','4'),
('12','6'),
('13','5'),
('14','7'),
('15','5'),
('16','8'),
('17','0'),
('18','4'),
('19','6'),
('20','1'),
('21','5'),
('22','8'),
('23','9'),
('24','6'),
('25','2'),
('26','4'),
('27','0'),
('28','2'),
('29','5'),
('30','9'),
('31','1'),
('32','0'),
('33','4'),
('34','3'),
('35','8'),
('36','5'),
('37','1'),
('38','4'),
('39','4'),
('40','0'),
('41','3'),
('42','1'),
('43','9'),
('44','3'),
('45','2'),
('46','5'),
('47','7'),
('48','8'),
('49','7'),
('50','5'),
('51','0'),
('52','0'),
('53','4'),
('54','2'),
('55','0'),
('56','8'),
('57','6'),
('58','4'),
('59','3'),
('60','0'),
('61','5'),
('62','9'),
('63','0'),
('64','3'),
('65','7'),
('66','2'),
('67','3'),
('68','7'),
('69','2'),
('70','7'),
('71','0'),
('72','3'),
('73','2'),
('74','1'),
('75','3'),
('76','4'),
('77','3'),
('78','9'),
('79','9'),
('80','4'),
('81','1'),
('82','0'),
('83','8'),
('84','1'),
('85','6'),
('86','3'),
('87','8'),
('88','9'),
('89','6'),
('90','6'),
('91','4'),
('92','7'),
('93','1'),
('94','2'),
('95','5'),
('96','9'),
('97','9'),
('98','7'),
('99','7'),
('100','8');

DROP TABLE IF EXISTS books;
CREATE TABLE books (
	id SERIAL PRIMARY KEY, 
	book_title VARCHAR(150) NOT NULL,
	authors_id BIGINT UNSIGNED NOT NULL,
	genre_id BIGINT UNSIGNED NOT NULL,
	edition_id BIGINT UNSIGNED NOT NULL,
	publilishing_id BIGINT UNSIGNED NOT NULL,
	summary TEXT,
	
	FOREIGN KEY (id) REFERENCES repository(id),
	FOREIGN KEY (authors_id) REFERENCES authors(id),
	FOREIGN KEY (genre_id) REFERENCES genres(id),
	FOREIGN KEY (edition_id) REFERENCES year_edition(id),
	FOREIGN KEY (publilishing_id) REFERENCES publishing_office(id),
	FOREIGN KEY (id) REFERENCES readers(id) ON UPDATE CASCADE ON DELETE restrict
	) COMMENT 'название и краткое содержание книги';

INSERT INTO books VALUES 
('1','Debitis molestias nihil voluptatem rem distinctio officia dolores.','1','1','1','1',NULL),
('2','Inventore sint in maxime occaecati sit.','2','2','2','2',NULL),
('3','Enim quis ut quisquam minus ea sed.','3','3','3','3',NULL),
('4','Animi eveniet quod itaque excepturi enim eum modi.','4','4','4','4',NULL),
('5','Dolorum esse qui tempora eos deserunt illum.','5','5','5','5',NULL),
('6','Dolorem sed ut quibusdam.','6','6','6','6',NULL),
('7','Distinctio adipisci dolorum voluptas ipsa facere consequatur exercitationem quis.','7','7','7','7',NULL),
('8','Mollitia repellat laborum eveniet quod fugit.','8','8','8','8',NULL),
('9','Illum autem saepe repellat architecto aliquam.','9','9','9','9',NULL),
('10','Quaerat harum doloremque quidem laboriosam.','10','10','10','10',NULL),
('11','Quis sit suscipit et accusamus sed.','11','1','11','1',NULL),
('12','Ab excepturi et et consequatur.','12','2','12','2',NULL),
('13','Quaerat dolore assumenda sit ratione rem.','13','3','13','3',NULL),
('14','Dolorem vel dolorem ab qui neque aut aut.','14','4','14','4',NULL),
('15','Incidunt impedit explicabo quas id doloribus eaque doloribus.','15','5','15','5',NULL),
('16','Rerum voluptatem tenetur sunt alias unde.','16','6','16','6',NULL),
('17','Recusandae praesentium non ex ad ut.','17','7','17','7',NULL),
('18','Id aut facilis deserunt cumque.','18','8','18','8',NULL),
('19','Minima nulla ex libero mollitia inventore sit eius.','19','9','19','9',NULL),
('20','Dolore repellendus debitis quod et eum aut.','20','10','20','10',NULL),
('21','Et aut et illo animi ab voluptatum non.','21','1','21','1',NULL),
('22','Sequi veniam necessitatibus aut ad tenetur ipsa ipsam.','22','2','22','2',NULL),
('23','Atque iure aut et eos tempora cupiditate.','23','3','23','3',NULL),
('24','Quos velit reprehenderit velit quia fuga veritatis.','24','4','24','4',NULL),
('25','Fugit impedit facilis odio voluptas totam ab.','25','5','25','5',NULL),
('26','Ab est dolore dolores eos.','26','6','26','6',NULL),
('27','Neque laudantium commodi suscipit est iusto consequatur est.','27','7','27','7',NULL),
('28','Aut facere commodi vero consequatur recusandae aspernatur.','28','8','28','8',NULL),
('29','A ad aut tempore occaecati mollitia dicta at.','29','9','29','9',NULL),
('30','Quos placeat ipsa quis est quaerat.','30','10','30','10',NULL),
('31','Fugit aut ex perspiciatis repudiandae quia aliquam quam ad.','1','1','31','1',NULL),
('32','Et ut dignissimos recusandae beatae et consequatur.','2','2','32','2',NULL),
('33','Omnis rerum consequatur quia ea sed nihil.','3','3','33','3',NULL),
('34','Officiis dolore qui dolores beatae aliquid quia.','4','4','34','4',NULL),
('35','Quos consequatur nihil minus sunt consectetur ab quisquam eligendi.','5','5','35','5',NULL),
('36','Maxime natus id sed quis.','6','6','36','6',NULL),
('37','Ut ad et perspiciatis ad placeat recusandae.','7','7','37','7',NULL),
('38','Est ipsa rerum incidunt aspernatur.','8','8','38','8',NULL),
('39','Architecto et eum nesciunt iusto nemo sit.','9','9','39','9',NULL),
('40','Laborum amet reiciendis omnis velit quia.','10','10','40','10',NULL),
('41','Quia porro praesentium ullam dicta at.','11','1','41','1',NULL),
('42','Itaque libero doloremque vero sint quaerat nostrum.','12','2','42','2',NULL),
('43','Officia nihil delectus consequatur perferendis id sed.','13','3','43','3',NULL),
('44','Corporis ut illo inventore et sapiente nemo cupiditate.','14','4','44','4',NULL),
('45','Voluptatem repellat est reiciendis nihil ratione vel non.','15','5','45','5',NULL),
('46','Sequi ratione non sint unde iure id temporibus.','16','6','46','6',NULL),
('47','Expedita iure minima modi at qui aut rerum.','17','7','47','7',NULL),
('48','Dolores vero assumenda ducimus perspiciatis ut dolores.','18','8','48','8',NULL),
('49','Non vel autem vel consequatur et omnis.','19','9','49','9',NULL),
('50','Vero nulla vel nisi esse.','20','10','50','10',NULL),
('51','Explicabo sint nisi incidunt optio accusamus molestias.','21','1','1','1',NULL),
('52','Occaecati recusandae dolores dignissimos aspernatur molestias.','22','2','2','2',NULL),
('53','Aperiam velit omnis reiciendis et ratione dolor.','23','3','3','3',NULL),
('54','Molestiae impedit ea sit eos sed.','24','4','4','4',NULL),
('55','Et porro neque vero hic ipsum voluptatibus qui.','25','5','5','5',NULL),
('56','Deleniti iste quo ullam dolor quis aut.','26','6','6','6',NULL),
('57','Id magni aut non blanditiis natus.','27','7','7','7',NULL),
('58','Id atque minima quo blanditiis.','28','8','8','8',NULL),
('59','Officiis ea molestiae asperiores ipsa ut aspernatur voluptas eveniet.','29','9','9','9',NULL),
('60','Eveniet libero et voluptas.','30','10','10','10',NULL);

DROP TABLE IF EXISTS profiles_readers;
CREATE TABLE profiles_readers (
	reader_id BIGINT UNSIGNED NOT NULL PRIMARY KEY,
	firstname VARCHAR(100),
    lastname VARCHAR(100),
	gender CHAR(1),
	birthday DATE,
	hometown VARCHAR(100),
	email VARCHAR(120) UNIQUE,
    phone BIGINT,
	photo_id BIGINT UNSIGNED NULL,
    created_at DATETIME DEFAULT NOW(),
    INDEX profiles_readers_firstname_lastname_idx(firstname, lastname),
    
    FOREIGN KEY (reader_id) REFERENCES readers(id) ON UPDATE CASCADE ON DELETE restrict,
    FOREIGN KEY (photo_id) REFERENCES media(id) ON UPDATE CASCADE ON DELETE restrict
) COMMENT 'общая информация о читателе';

INSERT INTO profiles_readers VALUES 
('1','Nicole','Skiles','m','1999-11-27','Nigeria','trystan85@example.net','677','1','2012-10-08 19:20:26'),
('2','Henderson','Bradtke','m','1994-10-10','Uruguay','vlesch@example.net','1','2','2001-08-28 18:44:15'),
('3','Maymie','Morar','m','1970-08-18','Kiribati','nora.goldner@example.net','152','3','2013-06-14 18:40:59'),
('4','Keyshawn','Halvorson','m','2004-12-21','Algeria','antone.welch@example.org','0','4','2004-09-05 20:00:43'),
('5','Adelle','Lubowitz','m','2016-08-14','United States of America','zarmstrong@example.org','511811','5','1973-04-05 19:54:57'),
('6','Kayden','Wisoky','m','1990-01-18','Martinique','bruce.runte@example.com','1','6','2004-12-20 18:41:45'),
('7','Eliane','Green','m','2008-02-27','Uganda','jamil.hayes@example.org','1','7','1980-08-04 05:06:15'),
('8','Hilma','Trantow','m','1985-08-15','Pitcairn Islands','pborer@example.com','0','8','2001-09-19 09:10:20'),
('9','Einar','McGlynn','f','1993-05-28','Ireland','bennett33@example.org','864','9','1978-08-12 08:15:24'),
('10','Jefferey','Jakubowski','m','2015-03-11','Mali','kiana.beahan@example.com','1','10','2012-10-08 01:35:16'),
('11','Darrion','Lesch','f','1989-03-31','Andorra','haag.sabrina@example.com','630','11','2007-03-16 09:24:50'),
('12','Michale','Upton','m','1990-02-27','Sweden','elwin28@example.org','261970','12','1989-12-07 14:43:44'),
('13','Neil','Ferry','f','1998-01-26','Mexico','susie88@example.net','756','13','1983-12-12 21:04:20'),
('14','Sophia','Johns','m','1982-03-24','Lao People\'s Democratic Republic','tkris@example.org','1332702042','14','2018-09-06 19:02:49'),
('15','Eldora','Brekke','m','1970-11-29','Pitcairn Islands','korbin65@example.com','207','15','1988-04-26 04:35:36'),
('16','Summer','Fritsch','m','2007-02-20','Benin','jennings.collier@example.net','1694275885','16','2009-06-05 22:20:13'),
('17','Rosanna','Bahringer','f','1996-03-16','Faroe Islands','ikozey@example.net','53','17','2002-04-14 22:48:37'),
('18','Maurice','Paucek','f','1983-03-01','Isle of Man','lester90@example.org','1','18','2018-05-12 19:13:29'),
('19','Lane','Pfeffer','f','2010-07-04','Tajikistan','nsanford@example.org','1','19','2012-10-08 14:43:27'),
('20','Tressa','Friesen','f','2020-01-06','Bulgaria','leuschke.kareem@example.net','0','20','2006-12-01 22:59:44'),
('21','Adriana','Bruen','f','1976-12-06','Montserrat','bettye.jacobson@example.com','936','21','2019-02-13 01:12:33'),
('22','Kellen','Wisoky','f','1986-08-14','Vanuatu','konopelski.nyasia@example.net','435','22','1989-02-17 15:34:09'),
('23','Katherine','Cummings','m','2010-02-12','United Kingdom','evans50@example.com','979','23','1990-10-05 03:58:57'),
('24','Amie','Weber','m','1992-05-27','Guernsey','ruecker.norwood@example.org','215918','24','1980-02-11 22:46:20'),
('25','Frida','Crooks','m','1973-08-06','Somalia','swift.unique@example.net','1','25','2003-06-15 14:17:32'),
('26','Glennie','Swift','f','1985-01-31','Nauru','hegmann.vallie@example.com','50','26','1981-12-05 05:09:02'),
('27','Sarah','Dooley','m','2010-01-21','Bouvet Island (Bouvetoya)','bwalker@example.net','151551','27','1988-11-29 00:50:08'),
('28','Candace','Koch','f','1984-09-29','Bermuda','kovacek.joey@example.net','68','28','1985-10-20 09:03:30'),
('29','Rolando','Schumm','f','2008-05-04','Faroe Islands','cooper.wolff@example.net','1','29','2011-08-07 22:00:00'),
('30','Zoila','Veum','m','1971-10-18','Egypt','maud.mante@example.org','0','30','1995-05-07 00:04:16'),
('31','Gwen','Crist','m','1976-02-14','Timor-Leste','kallie61@example.org','0','31','1985-03-14 23:54:05'),
('32','Esta','VonRueden','m','1982-02-21','American Samoa','tito06@example.com','378','32','1987-12-30 13:26:57'),
('33','Jasmin','Schmeler','f','1974-01-07','Ecuador','braxton79@example.com','1','33','1983-08-02 09:06:23'),
('34','Lydia','Considine','m','2014-10-10','Switzerland','orlo.robel@example.com','80','34','1972-06-25 12:59:17'),
('35','Summer','Aufderhar','m','1990-12-24','Cameroon','senger.mariela@example.org','473844','35','1981-07-06 15:35:31'),
('36','Ashtyn','Kerluke','f','1971-01-17','El Salvador','jarred89@example.org','1','36','2004-04-03 02:12:24'),
('37','Jasper','Borer','m','1990-09-06','Cook Islands','pveum@example.net','0','37','2008-01-22 21:18:56'),
('38','Alysa','Hand','m','1971-11-15','Botswana','trey.schimmel@example.net','95','38','1973-12-04 09:51:12'),
('39','Anabel','Hamill','f','1978-03-09','Trinidad and Tobago','marquardt.vicky@example.org','1','39','1989-02-04 08:27:44'),
('40','Euna','Rohan','m','1993-06-01','Eritrea','gpouros@example.org','822055','40','2008-11-10 15:04:41'),
('41','Gunner','Witting','m','1988-03-05','Uzbekistan','ctorphy@example.org','36869','41','1986-09-26 03:25:38'),
('42','Dock','Borer','f','1996-03-17','Macao','abbott.trisha@example.org','658597','42','1981-12-14 16:17:45'),
('43','Melvin','Pfeffer','f','2007-03-10','Uruguay','klocko.chesley@example.com','1','43','1993-08-30 20:20:11'),
('44','Brandyn','Wuckert','f','1997-09-07','Austria','judy.kassulke@example.org','1','44','1976-12-29 18:53:00'),
('45','Lonny','Walsh','m','2016-04-17','Ethiopia','skiles.tevin@example.org','917344','45','2016-11-06 17:47:46'),
('46','Ricky','Hane','m','1978-06-08','Djibouti','schinner.marc@example.org','85','46','1993-03-21 13:17:56'),
('47','Nils','Zboncak','f','2011-06-20','Austria','heidi.pfeffer@example.com','692','47','2013-11-05 07:16:30'),
('48','Elyssa','Bashirian','m','1980-07-25','Georgia','klein.houston@example.net','1','48','2005-05-01 08:53:44'),
('49','Desmond','Quigley','m','2020-03-22','Heard Island and McDonald Islands','emuller@example.org','450','49','1988-03-15 09:16:54'),
('50','Krystina','Strosin','f','2010-07-09','Brunei Darussalam','mwatsica@example.com','24','50','1987-11-16 15:49:31'),
('51','Sam','Beahan','m','1986-05-28','Saint Pierre and Miquelon','ebatz@example.org','629611','51','1988-09-15 05:45:23'),
('52','Cecelia','Prosacco','m','2004-10-14','Jamaica','annamae91@example.com','841','52','1989-06-25 22:04:45'),
('53','Veronica','Mosciski','f','2008-01-04','Saint Martin','barrows.shanelle@example.com','945','53','1993-08-28 06:53:46'),
('54','Gabe','Huels','f','1980-03-22','Czech Republic','hwehner@example.net','1','54','2003-12-16 17:51:05'),
('55','Gwen','Wehner','m','2003-02-18','Isle of Man','anais.frami@example.net','0','55','1977-01-27 16:58:09'),
('56','Noe','Grimes','m','1994-04-24','Northern Mariana Islands','kailee70@example.org','763','56','1971-09-08 03:54:37'),
('57','Uriah','Luettgen','m','2003-01-15','Namibia','wpagac@example.com','92','57','1989-10-17 14:50:57'),
('58','Rowan','Cormier','f','1998-05-07','Turkey','wauer@example.com','176','58','1984-10-22 10:49:03'),
('59','Salvatore','Homenick','m','1992-04-29','Lesotho','ko\'hara@example.org','605','59','2019-09-28 23:54:56'),
('60','Ronaldo','Okuneva','m','1977-03-29','Venezuela','florence.bayer@example.com','1','60','2015-10-17 07:15:01'),
('61','Jessica','Rippin','f','1976-07-31','Saint Vincent and the Grenadines','pdach@example.org','1','61','1988-08-16 19:09:20'),
('62','King','Lemke','f','2002-07-08','Bahamas','kturcotte@example.com','50','62','1985-07-05 10:45:31'),
('63','Hoyt','Hansen','m','1980-02-16','Yemen','hartmann.lauryn@example.com','71','63','2000-11-14 10:50:39'),
('64','Roxane','Denesik','m','1981-11-18','Western Sahara','kirk22@example.net','158','64','1995-04-18 19:08:09'),
('65','Paolo','Denesik','f','1997-05-24','Anguilla','raymundo02@example.org','2545028856','65','2014-10-17 17:46:44'),
('66','Renee','Hammes','m','2013-03-05','Timor-Leste','gislason.ozella@example.com','0','66','1984-02-11 08:13:42'),
('67','Clinton','Fahey','m','2010-07-10','New Zealand','kaleigh73@example.net','973','67','1977-07-09 05:25:50'),
('68','Susanna','Cole','f','2018-12-18','Lao People\'s Democratic Republic','hermiston.carolyne@example.org','87','68','1972-09-29 18:41:48'),
('69','Lilly','Shanahan','m','2005-03-11','Norway','o\'reilly.frankie@example.net','1','69','1973-05-20 05:22:50'),
('70','Laisha','Hyatt','f','1985-10-22','Uzbekistan','monahan.nelle@example.org','722','70','1986-06-28 16:05:00'),
('71','Naomi','Lang','f','2005-08-02','Liechtenstein','barry95@example.net','283','71','1982-07-29 00:40:54'),
('72','Nicolette','Kunze','f','2004-07-13','Antigua and Barbuda','otto01@example.net','0','72','1985-10-24 02:03:57'),
('73','Tito','Legros','m','1997-08-09','Namibia','ebernhard@example.org','1','73','2008-12-15 21:33:04'),
('74','Maurice','Feil','m','1985-08-13','Mayotte','kirk.dooley@example.net','607','74','2002-08-28 06:18:53'),
('75','Alfredo','Witting','f','2004-08-21','Congo','jjones@example.net','0','75','1982-09-11 20:41:16'),
('76','Lila','Denesik','f','1998-07-13','Libyan Arab Jamahiriya','janessa14@example.org','7483742277','76','1984-11-03 19:01:58'),
('77','Twila','Marvin','f','2018-04-25','Uganda','jmante@example.net','1','77','2004-05-06 22:24:10'),
('78','Javon','Barrows','m','2004-10-16','Italy','ratke.shanny@example.net','1','78','1993-10-01 04:24:43'),
('79','Breanna','Batz','f','1995-02-19','Lebanon','phermann@example.com','1','79','1997-07-16 20:12:47'),
('80','Dominique','Schoen','f','2016-07-07','Germany','ihalvorson@example.net','1699528631','80','2005-01-16 20:47:19'),
('81','Felipe','Schaefer','m','1999-04-19','Aruba','sadams@example.com','858258','81','1977-12-23 11:15:34'),
('82','Evelyn','Howell','f','1992-03-16','Venezuela','adelle48@example.com','653','82','1998-12-04 01:09:49'),
('83','Americo','Gulgowski','m','1983-08-11','French Southern Territories','gusikowski.calista@example.com','943','83','1979-03-28 22:16:32'),
('84','Margarett','Ernser','m','2000-05-28','Niue','klein.lauryn@example.net','0','84','1987-09-21 13:34:54'),
('85','Valentin','Kris','m','1976-07-06','Japan','bryce.rodriguez@example.net','16576','85','2016-12-20 14:17:05'),
('86','Karianne','Crona','m','2011-06-11','Syrian Arab Republic','bogisich.jordon@example.org','402519653','86','1975-11-24 06:06:44'),
('87','Dudley','Walker','f','1977-12-04','Dominican Republic','zula97@example.org','516','87','2007-12-19 09:31:52'),
('88','Axel','Brown','f','1997-04-04','Grenada','yo\'kon@example.org','0','88','1984-11-08 12:30:29'),
('89','Liam','D\'Amore','m','2001-12-23','Norfolk Island','jed16@example.net','68','89','2007-02-19 05:38:21'),
('90','Laisha','Kohler','f','1981-04-01','Central African Republic','fadel.lilla@example.org','65','90','2014-12-27 09:49:05'),
('91','Jennyfer','Ruecker','m','2017-12-19','Trinidad and Tobago','jaron.ledner@example.net','1','91','1979-09-23 13:56:45'),
('92','Helga','Leuschke','f','1975-10-31','Suriname','tremaine.bode@example.net','625','92','2007-02-15 01:50:09'),
('93','Gerhard','Cruickshank','f','1988-03-04','Syrian Arab Republic','ehirthe@example.com','1569294256','93','1993-04-19 10:58:51'),
('94','Susie','Jaskolski','f','1978-07-13','Romania','kuphal.nash@example.org','897027','94','1975-11-11 19:08:44'),
('95','Hermina','Erdman','m','1982-09-26','Korea','hdare@example.com','535','95','1970-05-13 09:00:15'),
('96','Lorna','Fisher','m','1998-03-14','Turkmenistan','sage61@example.net','0','96','2003-11-28 21:56:49'),
('97','Sofia','Schimmel','f','1992-08-23','Solomon Islands','xbrakus@example.com','1','97','1978-12-25 15:36:31'),
('98','Kristoffer','Terry','m','1980-01-29','Korea','charlene61@example.net','0','98','2013-08-21 22:04:21'),
('99','Micah','Collins','f','2017-06-24','Philippines','fabiola74@example.org','62','99','1990-12-25 06:56:55'),
('100','Kiley','Bailey','m','1977-03-22','Antigua and Barbuda','april61@example.org','81','100','2012-09-08 09:14:26');

DROP TABLE IF EXISTS likes;
CREATE TABLE likes(
	id SERIAL,
    books_id BIGINT UNSIGNED NOT NULL,
    created_at DATETIME DEFAULT NOW(),
    
    FOREIGN KEY (books_id) REFERENCES books(id)
) COMMENT 'симпатия';

INSERT INTO likes VALUES 
('1','1','1982-04-17 20:44:37'),
('2','2','2003-03-29 01:48:40'),
('3','3','1988-07-06 08:58:23'),
('4','4','2001-08-24 06:50:50'),
('5','5','2003-03-21 01:26:59'),
('6','6','2009-10-24 19:52:27'),
('7','7','2005-07-23 12:01:43'),
('8','8','1979-10-07 04:03:59'),
('9','9','2005-07-27 08:47:03'),
('10','10','1976-04-29 07:36:10'),
('11','11','1977-01-12 05:07:14'),
('12','12','1995-09-29 18:29:36'),
('13','13','2003-01-30 18:53:44'),
('14','14','2014-04-14 05:17:56'),
('15','15','1979-07-24 17:13:11'),
('16','16','1996-04-16 09:37:03'),
('17','17','1983-12-21 03:34:41'),
('18','18','1993-12-30 04:55:38'),
('19','19','2004-12-23 16:33:17'),
('20','20','1996-11-18 23:58:28'),
('21','21','1983-04-15 08:40:16'),
('22','22','1998-01-13 07:46:13'),
('23','23','1996-05-25 18:33:57'),
('24','24','1975-03-14 04:13:20'),
('25','25','2002-12-11 21:46:20'),
('26','26','1979-02-19 04:39:59'),
('27','27','1992-09-30 23:35:07'),
('28','28','1999-04-12 08:14:18'),
('29','29','2018-10-08 00:01:57'),
('30','30','2006-04-08 03:27:53'),
('31','31','2003-05-16 19:31:00'),
('32','32','2006-05-25 22:11:38'),
('33','33','1993-07-24 07:38:48'),
('34','34','1991-06-09 16:50:03'),
('35','35','1995-05-27 19:16:43'),
('36','36','1992-12-23 13:28:41'),
('37','37','1983-02-19 00:52:52'),
('38','38','2007-11-08 12:04:55'),
('39','39','1974-05-02 12:53:41'),
('40','40','2006-10-16 03:47:10'),
('41','41','2018-07-13 14:24:16'),
('42','42','2005-04-05 04:38:30'),
('43','43','2009-04-21 00:54:01'),
('44','44','2020-05-07 05:08:52'),
('45','45','2001-02-13 16:40:12'),
('46','46','2009-01-14 19:06:33'),
('47','47','1989-02-20 10:55:50'),
('48','48','1982-06-01 09:44:47'),
('49','49','1981-07-03 15:06:40'),
('50','50','1988-09-06 23:28:32'),
('51','51','1985-03-10 06:57:19'),
('52','52','2001-04-13 07:48:12'),
('53','53','1971-08-08 02:22:23'),
('54','54','1975-11-17 09:49:03'),
('55','55','2003-12-12 20:02:23'),
('56','56','2016-10-22 10:46:49'),
('57','57','1971-08-02 16:56:49'),
('58','58','1982-12-28 06:25:14'),
('59','59','1970-11-05 00:20:02'),
('60','60','1989-05-12 17:32:19'),
('61','1','1998-06-28 16:15:21'),
('62','2','1986-11-07 22:24:12'),
('63','3','1989-01-23 14:42:43'),
('64','4','1994-05-17 15:52:31'),
('65','5','1979-01-29 11:13:00'),
('66','6','2007-06-23 07:47:33'),
('67','7','2000-03-31 11:47:23'),
('68','8','2016-06-13 00:49:58'),
('69','9','2012-03-30 18:19:32'),
('70','10','1978-11-14 05:17:02'),
('71','11','1980-10-19 03:01:58'),
('72','12','1979-10-26 20:19:34'),
('73','13','2015-03-02 05:20:04'),
('74','14','2005-04-05 12:28:07'),
('75','15','1989-07-09 10:37:54'),
('76','16','2016-12-01 10:02:37'),
('77','17','1970-11-05 02:20:02'),
('78','18','1986-07-21 10:38:50'),
('79','19','1988-01-24 23:59:26'),
('80','20','1983-07-13 07:17:43'),
('81','21','2004-03-20 22:49:47'),
('82','22','1983-12-30 17:00:48'),
('83','23','1999-03-27 08:07:38'),
('84','24','2020-07-16 02:34:57'),
('85','25','2014-08-10 12:29:36'),
('86','26','2003-01-06 10:40:33'),
('87','27','1974-06-13 05:10:00'),
('88','28','1988-12-21 12:58:33'),
('89','29','2012-09-23 04:35:15'),
('90','30','1977-09-19 04:52:51'),
('91','31','1989-02-06 15:42:37'),
('92','32','1990-01-08 03:24:51'),
('93','33','2004-07-06 00:31:10'),
('94','34','2017-08-22 22:28:51'),
('95','35','2016-07-23 04:44:57'),
('96','36','1994-09-04 16:50:02'),
('97','37','1992-12-02 00:57:09'),
('98','38','2010-11-08 08:03:30'),
('99','39','2016-11-13 15:21:59'),
('100','40','1996-12-29 11:11:18'),
('101','41','2013-08-27 10:39:07'),
('102','42','2003-05-18 17:44:33'),
('103','43','2007-08-02 08:06:49'),
('104','44','1975-07-11 20:59:23'),
('105','45','1977-07-12 17:41:49'),
('106','46','1971-04-29 14:25:19'),
('107','47','2015-12-16 13:21:32'),
('108','48','1975-02-21 22:55:51'),
('109','49','2013-10-30 04:44:38'),
('110','50','2008-02-17 00:52:38'),
('111','51','1971-11-02 14:18:56'),
('112','52','1978-07-10 01:59:25'),
('113','53','1972-05-18 09:34:59'),
('114','54','1982-04-22 01:28:37'),
('115','55','1985-12-04 19:36:59'),
('116','56','1995-12-26 22:51:49'),
('117','57','1989-02-06 04:03:27'),
('118','58','2020-07-01 23:49:52'),
('119','59','2000-08-03 04:48:34'),
('120','60','1971-09-22 11:12:07'),
('121','1','1998-10-01 14:32:48'),
('122','2','2017-08-03 01:51:29'),
('123','3','1973-12-14 14:51:21'),
('124','4','1993-12-17 04:25:55'),
('125','5','1984-10-18 11:29:40'),
('126','6','1996-01-06 07:33:54'),
('127','7','2008-09-01 08:38:37'),
('128','8','2006-09-11 03:06:29'),
('129','9','2000-02-04 11:19:03'),
('130','10','1989-12-23 05:33:44'),
('131','11','1973-10-14 07:37:19'),
('132','12','1989-03-21 07:45:02'),
('133','13','1977-03-21 21:28:12'),
('134','14','1980-01-12 16:55:09'),
('135','15','1980-10-21 09:07:37'),
('136','16','1997-06-11 22:27:28'),
('137','17','1991-04-09 00:09:13'),
('138','18','1970-09-11 16:59:57'),
('139','19','1998-12-01 03:55:39'),
('140','20','1986-11-01 16:45:15'),
('141','21','1996-01-19 19:02:34'),
('142','22','1981-10-05 18:29:37'),
('143','23','2008-06-27 18:01:31'),
('144','24','2010-10-09 13:11:57'),
('145','25','2014-05-26 21:29:06'),
('146','26','1994-01-31 10:02:51'),
('147','27','2020-06-20 20:02:38'),
('148','28','1973-04-16 17:29:52'),
('149','29','2019-05-26 14:20:29'),
('150','30','2020-01-01 12:37:09'),
('151','31','1974-04-02 04:47:36'),
('152','32','2014-10-09 13:21:09'),
('153','33','1986-07-22 21:11:33'),
('154','34','1983-10-24 18:48:25'),
('155','35','2010-03-18 15:47:28'),
('156','36','2014-01-27 01:58:16'),
('157','37','1990-06-21 20:57:12'),
('158','38','2008-04-05 22:43:57'),
('159','39','2007-02-04 08:12:16'),
('160','40','2000-09-26 07:07:27'),
('161','41','1989-05-18 04:24:47'),
('162','42','1987-05-03 14:42:17'),
('163','43','1987-04-25 13:51:48'),
('164','44','1991-07-11 18:14:11'),
('165','45','2005-06-03 16:54:55'),
('166','46','2013-02-05 15:18:38'),
('167','47','2012-04-19 17:42:01'),
('168','48','1976-10-01 21:13:55'),
('169','49','1994-07-01 10:02:49'),
('170','50','2018-08-07 20:04:39'),
('171','51','1989-03-03 14:56:01'),
('172','52','2007-08-09 12:28:54'),
('173','53','1996-10-29 22:54:00'),
('174','54','2020-02-13 08:35:29'),
('175','55','1982-09-10 16:12:05'),
('176','56','1976-11-02 13:06:56'),
('177','57','2008-02-18 15:22:48'),
('178','58','1992-02-28 14:08:45'),
('179','59','1998-10-21 19:33:57'),
('180','60','2018-08-20 12:07:21'),
('181','1','1973-02-02 23:37:46'),
('182','2','1976-08-07 15:37:27'),
('183','3','1979-08-30 04:12:58'),
('184','4','1980-04-11 06:50:01'),
('185','5','2019-02-07 01:58:22'),
('186','6','2001-09-15 12:42:32'),
('187','7','2015-06-25 19:48:43'),
('188','8','1983-04-01 09:35:09'),
('189','9','1977-02-18 02:41:40'),
('190','10','2003-07-12 04:13:52'),
('191','11','2006-12-23 08:22:47'),
('192','12','2010-04-02 12:16:09'),
('193','13','1990-03-18 02:36:18'),
('194','14','1987-08-20 18:14:53'),
('195','15','1994-07-26 00:57:23'),
('196','16','2012-08-08 18:37:03'),
('197','17','2014-12-23 22:13:06'),
('198','18','2017-01-04 09:34:16'),
('199','19','2000-03-26 15:16:45'),
('200','20','1983-01-09 12:35:49');


